id,type,parent_id,number,name,sort_as,last_updated,last_updated_by
af0bafee-82d6-4b88-a949-1ca28ef52e90,Work,NULL,NULL,Concerto for Violin in D major Op. 61,Concerto for Violin in D major Op. 61,2010-10-01,testdataloader
5fc68ce0-f0de-41ee-9133-a29a08d7286b,Part,af0bafee-82d6-4b88-a949-1ca28ef52e90,1,1. Allegro ma non troppo,1. Allegro ma non troppo,2010-10-01,testdataloader
8358bd79-65e0-4794-b3c2-2e4de84cb6a9,Part,af0bafee-82d6-4b88-a949-1ca28ef52e90,2,2. Larghetto,2. Larghetto,2010-10-01,testdataloader
5846bc78-e7b5-4a18-9bd9-4703a1778308,Part,af0bafee-82d6-4b88-a949-1ca28ef52e90,3,3. Rondo Allegro,3. Rondo Allegro,2010-10-01,testdataloader
55a9fcd1-4131-4c00-9826-c41b0caf0674,Work,NULL,NULL,Serenade for Violin and Orchestra after Platos Symposium,Serenade for Violin and Orchestra after Platos Symposium,2010-10-01,testdataloader
5ce2f584-8e32-4513-8408-f507eea95f50,Part,55a9fcd1-4131-4c00-9826-c41b0caf0674,1,1. Lento - Allegro,1. Lento - Allegro,2010-10-01,testdataloader
0e77c6c2-3e42-4e26-aebe-19189abb81d7,Part,55a9fcd1-4131-4c00-9826-c41b0caf0674,2,2. Allegretto,2. Allegretto,2010-10-01,testdataloader
c2ba9c73-cbce-4932-9e55-20055ab0bbb5,Part,55a9fcd1-4131-4c00-9826-c41b0caf0674,3,3. Presto,3. Presto,2010-10-01,testdataloader
9328f80e-f50b-4463-be9d-60bb9f687e17,Part,55a9fcd1-4131-4c00-9826-c41b0caf0674,4,4. Adagio,4. Adagio,2010-10-01,testdataloader
ce08a39e-0188-48a4-9f69-c4c4f59aa607,Part,55a9fcd1-4131-4c00-9826-c41b0caf0674,5,5. Molto tenuto - Allegro,5. Molto tenuto - Allegro,2010-10-01,testdataloader